Etapa ID,Orden,Etapa,Modo,Plan inicio,Plan fin,Real inicio,Real fin,Estado,Documentos,Notas,Operación,Proveedor,Semáforo,Fase_Importacion,Documentos_Requeridos
TEST-OP-90001-E1,1,TRANSPORTE TERRESTRE DESTINO,TERRESTRE,2026-06-04,2026-06-12,2026-06-04,,RETRASADO,,TEST - simulado para Ruta 5 (Etapa en rojo): Plan fin en el pasado y Real fin vacio.,,,🔴,,
FASE-MAR-1,1,,MARITIMO,,,,,PENDIENTE,,"Etapa 1: Recepción y verificación de documentos de importación. BL/AWB recibido, lista de empaque, factura comercial y certificados verificados.",,,🟢,DOCUMENTACIÓN,"• BL (Bill of Lading) o AWB (Airway Bill)
• Factura comercial del proveedor
• Lista de empaque (Packing List)
• Certificado de origen
• Documentos de seguro
• Declaración de valor"
FASE-MAR-2,2,,MARITIMO,,,,,PENDIENTE,,Etapa 2: Reserva de naviera confirmada y pre-alerta enviada al agente en origen. ETD coordinado.,,,🟢,COORDINACIÓN,"• Confirmación de booking con naviera
• Pre-alerta al agente en origen
• Instrucciones de embarque (Shipping Instructions)
• Draft BL revisado y aprobado
• Notificación a cliente con ETD"
FASE-MAR-3,3,,MARITIMO,,,,,PENDIENTE,,"Etapa 3: Zarpe confirmado (ETD real), carga en tránsito internacional. ETA estimado confirmado.",,,🟢,EN TRÁNSITO,"• BL original o telex release recibido
• Confirmación de zarpe (On Board)
• Tracking activo del contenedor/carga
• Coordinación con agente aduanero Colombia
• Pago de fletes (si aplica)"
FASE-MAR-4,4,,MARITIMO,,,,,PENDIENTE,,"Etapa 4: Llegada a Colombia confirmada. Proceso aduanero iniciado: DI radicada, levante pendiente.",,,🟢,EN ADUANA,"• Aviso de llegada del buque/aeronave
• Declaración de Importación (DI) radicada
• Liquidación de tributos aduaneros
• Inspección física o documental (si aplica)
• Obtención de levante
• Pago de bodegaje y handling"
FASE-MAR-5,5,,MARITIMO,,,,,COMPLETADO,,Etapa 5: Levante obtenido. Transporte terrestre coordinado. Entrega al cliente confirmada. Operación cerrada.,,,🟢,ENTREGADO,"• Levante aduanero obtenido
• Retiro de contenedor/carga
• Coordinación de transporte terrestre
• Entrega en bodega del cliente
• Firma de recibido
• Cierre de carpeta operativa"
DHA-OP-25001-E1,1,COORDINACION INICIAL,,2026-06-26,,,,EN PROCESO,,"Etapa 1 creada por EASY OS el 26/06/2026. Completar: fechas plan inicio/fin, modo transporte, proveedor asignado.",DHA-OP-25001,,🟢,,